RegioNaam;RegioCode;AmsterdamseCode;OuderRegioNaam;OuderRegioCode;Kiesgerechtigden;Opkomst;OngeldigeStemmen;BlancoStemmen;GeldigeStemmen;Lokale partijen;VVD;CDA;Democraten 66 (D66);GROENLINKS;Partij van de Arbeid (P.v.d.A.);SP (Socialistische Partij);ChristenUnie;Staatkundig Gereformeerde Partij (SGP);PVV (Partij voor de Vrijheid);ChristenUnie/SGP;Partij voor de Dieren;DENK;GROENLINKS/P.v.d.A.;50PLUS;D66/GROENLINKS/P.v.d.A.;Forum voor Democratie;NIDA;Fryske Nasjonale Partij (FNP);D66/GROENLINKS;Verenigde Senioren Partij;Algemeen Ouderen Verbond (AOV);Ouderen Politiek Actief (OPA);TROTS op Nederland Lijst Rita Verdonk;Piratenpartij;D66/P.v.d.A.;D66/GROENLINKS/P.v.d.A./SP;D66/VVD;JEZUS LEEFT;Nieuwe Communistische Partij (NCPN);U-Buntu Connected Front (UCF);Libertarische Partij (LP);Basis Inkomen Partij (BIP);Vrede en Recht;TROTS/OPA;QUEER
Aa en Hunze;G1680;10787;Drenthe;P22;20878;13189;45;44;13100;5579;2241;799;908;1623;1950;;;;;;;;;;;;;;;;;;;;;;;;;;;;;;
Aalsmeer;G0358;11264;Noord-Holland;P27;24207;13464;46;87;13331;2638;3394;4153;1105;1135;906;;;;;;;;;;;;;;;;;;;;;;;;;;;;;;
Aalten;G0197;11046;Gelderland;P25;21451;12690;35;52;12603;5399;1543;3536;1186;;;;939;;;;;;;;;;;;;;;;;;;;;;;;;;;;
Achtkarspelen;G0059;10199;Fryslân;P21;21625;12261;17;38;12206;1876;613;3176;;684;1200;;1661;;992;;;;;;;;;2004;;;;;;;;;;;;;;;;;
Alblasserdam;G0482;11327;Zuid-Holland;P28;15229;9025;40;52;8933;;1385;1481;1073;;1780;;920;2294;;;;;;;;;;;;;;;;;;;;;;;;;;;
Albrandswaard;G0613;10124;Zuid-Holland;P28;19464;10607;36;49;10522;5181;2222;1168;;671;710;;;;;570;;;;;;;;;;;;;;;;;;;;;;;;;
Alkmaar;G0361;10527;Noord-Holland;P27;86355;47792;141;197;47454;16292;6422;4380;4685;6464;4997;;1121;;;;2446;647;;;;;;;;;;;;;;;;;;;;;;;
Almelo;G0141;11053;Overijssel;P23;57172;28835;137;146;28552;9486;4046;4072;1969;1539;1705;1582;1942;;2211;;;;;;;;;;;;;;;;;;;;;;;;;;
Almere;G0034;10018;Flevoland;P24;153458;69727;329;318;69080;9314;10574;2924;7054;5758;9690;5003;3230;;9101;;4106;;;;;;;;;;;2326;;;;;;;;;;;;;
Alphen aan den Rijn;G0484;10517;Zuid-Holland;P28;86294;48559;131;238;48190;15446;6603;6449;3591;5607;2938;2879;2834;1843;;;;;;;;;;;;;;;;;;;;;;;;;;;
Alphen-Chaam;G1723;10710;Noord-Brabant;P30;8134;5156;21;36;5099;3195;506;1398;;;;;;;;;;;;;;;;;;;;;;;;;;;;;;;;;
Ameland;G0060;11153;Fryslân;P21;2918;2335;4;3;2328;1660;173;291;;;204;;;;;;;;;;;;;;;;;;;;;;;;;;;;;;
Amersfoort;G0307;10948;Utrecht;P26;118444;70775;190;264;70321;10668;10427;9176;10699;9257;4353;4786;7197;980;;;;2390;;;;;;;;;;;;;;;;;;;;;388;;
Amstelveen;G0362;10799;Noord-Holland;P27;64737;37604;132;156;37316;7348;9048;2439;6765;5165;2636;2618;1297;;;;;;;;;;;;;;;;;;;;;;;;;;;;
Amsterdam;G0363;11150;Noord-Holland;P27;674286;351659;2423;2088;347148;19785;39702;11991;55724;70880;37181;26070;6837;546;;;24672;23138;;4233;;20015;;;;;;;;4459;;;;;;1052;;635;;;228
Apeldoorn;G0200;11075;Gelderland;P25;125289;70494;190;258;70046;12944;9507;8983;6951;6034;4268;3457;6154;3260;;;3192;;;4764;;;;;;;;;;;;;;304;;;;;228;;
Appingedam;G0003;10886;Groningen;P20;9536;4802;16;33;4753;1944;166;552;368;;493;894;336;;;;;;;;;;;;;;;;;;;;;;;;;;;;
Arnhem;G0202;10795;Gelderland;P25;123958;61422;241;235;60946;7974;8019;3767;8013;10098;5401;4682;2841;;3112;;3892;3147;;;;;;;;;;;;;;;;;;;;;;;
Assen;G0106;10522;Drenthe;P22;53009;29332;65;111;29156;3586;3380;2328;2918;3677;3834;2572;4209;;;;;;;2652;;;;;;;;;;;;;;;;;;;;;
Asten;G0743;10478;Noord-Brabant;P30;13423;7975;24;49;7902;3153;402;2360;857;;1130;;;;;;;;;;;;;;;;;;;;;;;;;;;;;;
Baarle-Nassau;G0744;10060;Noord-Brabant;P30;5613;3133;13;9;3111;2599;;512;;;;;;;;;;;;;;;;;;;;;;;;;;;;;;;;;
Baarn;G0308;11411;Utrecht;P26;19615;12016;38;56;11922;2872;2653;1540;1689;1531;843;;;;;794;;;;;;;;;;;;;;;;;;;;;;;;;
Barendrecht;G0489;10943;Zuid-Holland;P28;36885;20586;56;87;20443;9131;2356;2484;1121;1280;1665;;;;;2406;;;;;;;;;;;;;;;;;;;;;;;;;
Barneveld;G0203;10906;Gelderland;P25;42235;29765;56;37;29672;5924;2372;4288;;;;;5112;7380;;;;;;;;;;;;;;;;;4596;;;;;;;;;;
Beek;G0888;11374;Limburg;P31;13317;8083;39;59;7985;3225;737;2370;;;;;;;;;;;;;1653;;;;;;;;;;;;;;;;;;;;
Beemster;G0370;10816;Noord-Holland;P27;7582;4877;22;28;4827;2252;963;446;553;;;;;;;;;;613;;;;;;;;;;;;;;;;;;;;;;
Beesel;G0889;10195;Limburg;P31;10900;5706;19;40;5647;2943;;1953;;;;;;;;;;;;;751;;;;;;;;;;;;;;;;;;;;
Berg en Dal;G1945;10616;Gelderland;P25;28493;16600;49;72;16479;8854;1117;2487;808;2221;992;;;;;;;;;;;;;;;;;;;;;;;;;;;;;;
Bergeijk;G1724;11160;Noord-Brabant;P30;14877;8942;24;27;8891;2032;1224;3731;;;;;;;;;;;1904;;;;;;;;;;;;;;;;;;;;;;
Bergen;G0373;11424;Noord-Holland;P27;24924;15985;56;53;15876;6118;2454;1794;1514;2849;1147;;;;;;;;;;;;;;;;;;;;;;;;;;;;;;
Bergen;G0893;11281;Limburg;P31;10795;5683;27;52;5604;1230;595;2304;;;;;;;;;;;;;1475;;;;;;;;;;;;;;;;;;;;
Bergen op Zoom;G0748;11037;Noord-Brabant;P30;53499;26526;105;109;26312;12719;3753;2858;2615;1635;1439;1293;;;;;;;;;;;;;;;;;;;;;;;;;;;;;
Berkelland;G1859;10436;Gelderland;P25;35545;21864;53;79;21732;5525;3171;5531;3443;2027;2035;;;;;;;;;;;;;;;;;;;;;;;;;;;;;;
Bernheze;G1721;10149;Noord-Brabant;P30;24191;12980;44;54;12882;3881;1325;2970;1570;;;1977;;;;;;;1159;;;;;;;;;;;;;;;;;;;;;;
Best;G0753;10442;Noord-Brabant;P30;23373;12163;47;102;12014;4251;3051;1933;1260;;882;;637;;;;;;;;;;;;;;;;;;;;;;;;;;;;
Beuningen;G0209;10417;Gelderland;P25;20680;11040;32;52;10956;3566;1531;1810;1028;1360;674;987;;;;;;;;;;;;;;;;;;;;;;;;;;;;;
Beverwijk;G0375;10272;Noord-Holland;P27;32426;14983;75;96;14812;4696;2356;1414;2286;2338;1722;;;;;;;;;;;;;;;;;;;;;;;;;;;;;;
Bladel;G1728;11006;Noord-Brabant;P30;16137;9049;25;48;8976;4198;608;2099;455;;;;;;;;;;1616;;;;;;;;;;;;;;;;;;;;;;
Blaricum;G0376;10493;Noord-Holland;P27;8483;5143;13;23;5107;2677;1179;383;614;;254;;;;;;;;;;;;;;;;;;;;;;;;;;;;;;
Bloemendaal;G0377;10850;Noord-Holland;P27;17796;11954;23;31;11900;2879;3057;1592;1679;1878;815;;;;;;;;;;;;;;;;;;;;;;;;;;;;;;
Bodegraven-Reeuwijk;G1901;11091;Zuid-Holland;P28;26363;16144;48;81;16015;2298;3627;3520;963;1361;835;;1459;1952;;;;;;;;;;;;;;;;;;;;;;;;;;;
Boekel;G0755;10432;Noord-Brabant;P30;8281;4822;13;16;4793;2114;335;2344;;;;;;;;;;;;;;;;;;;;;;;;;;;;;;;;;
Borger-Odoorn;G1681;10448;Drenthe;P22;20781;11467;43;53;11371;5024;1724;1230;560;735;1469;;629;;;;;;;;;;;;;;;;;;;;;;;;;;;;
Borne;G0147;10326;Overijssel;P23;18074;10656;34;33;10589;3492;1563;2431;701;;;1105;;;;;;;1297;;;;;;;;;;;;;;;;;;;;;;
Borsele;G0654;10043;Zeeland;P29;17813;10764;32;29;10703;1602;1088;2505;968;;1225;;;;;2570;;;;;;;;;;;;745;;;;;;;;;;;;;
Boxmeer;G0756;11227;Noord-Brabant;P30;23259;14491;38;89;14364;4718;1159;3878;;;;3178;;;;;;;;;1431;;;;;;;;;;;;;;;;;;;;
Boxtel;G0757;10083;Noord-Brabant;P30;24426;13355;28;63;13264;6422;881;1729;1454;;;1882;;;;;;;896;;;;;;;;;;;;;;;;;;;;;;
Breda;G0758;10154;Noord-Brabant;P30;146368;73235;230;347;72658;7585;17503;10631;9918;9177;6711;6412;;;;;;;;4211;;;;;;;;;;;;;;;;;;;;510;
Brielle;G0501;10232;Zuid-Holland;P28;13949;7240;17;54;7169;2456;1793;1194;828;;898;;;;;;;;;;;;;;;;;;;;;;;;;;;;;;
Bronckhorst;G1876;11159;Gelderland;P25;29563;18101;33;94;17974;4126;3110;4506;1555;2210;1602;;;;;865;;;;;;;;;;;;;;;;;;;;;;;;;
Brummen;G0213;10798;Gelderland;P25;17010;9261;38;61;9162;2099;1846;1410;961;1422;1424;;;;;;;;;;;;;;;;;;;;;;;;;;;;;;
Brunssum;G0899;10533;Limburg;P31;23539;12480;60;102;12318;7288;1822;919;;;1081;1208;;;;;;;;;;;;;;;;;;;;;;;;;;;;;
Bunnik;G0312;10820;Utrecht;P26;11767;7851;25;90;7736;;;2247;;;;;;;;;;;3502;;;;;;;;;;;;;;1987;;;;;;;;
Bunschoten;G0313;11343;Utrecht;P26;16169;10411;24;30;10357;1306;2723;1540;;;;;3569;1219;;;;;;;;;;;;;;;;;;;;;;;;;;;
Buren;G0214;11286;Gelderland;P25;20977;11791;17;30;11744;5503;2266;928;766;;1222;;;;;;1059;;;;;;;;;;;;;;;;;;;;;;;;
Capelle aan den IJssel;G0502;11248;Zuid-Holland;P28;52832;26269;84;111;26074;9601;2917;1726;2686;1486;1920;1858;1555;2104;;;;;;;;;;;;;;;;;;;;221;;;;;;;
Castricum;G0383;11287;Noord-Holland;P27;28732;18767;56;76;18635;7064;3200;2491;1600;2289;1065;926;;;;;;;;;;;;;;;;;;;;;;;;;;;;;
Coevorden;G0109;10383;Drenthe;P22;28178;15821;47;36;15738;7980;2461;2347;642;;2308;;;;;;;;;;;;;;;;;;;;;;;;;;;;;;
Cranendonck;G1706;10219;Noord-Brabant;P30;16554;8913;24;50;8839;3085;1074;2441;;;;;;;;;;;;;;;;;;;;;;;;2239;;;;;;;;;
Cuijk;G1684;10023;Noord-Brabant;P30;20034;11307;23;64;11220;5188;897;1787;941;497;743;1167;;;;;;;;;;;;;;;;;;;;;;;;;;;;;
Culemborg;G0216;10342;Gelderland;P25;22057;12523;27;82;12414;2523;2007;1026;1921;2306;883;733;1015;;;;;;;;;;;;;;;;;;;;;;;;;;;;
Dalfsen;G0148;11007;Overijssel;P23;21994;14780;27;31;14722;5297;1121;3520;1111;;1261;;2270;;;;;;;;;;;;;;;;;;;;;;;;142;;;;
Dantumadiel;G1891;10650;Fryslân;P21;14884;8358;21;24;8313;1523;429;2441;;;;;1274;600;;;;;1433;;;;;613;;;;;;;;;;;;;;;;;
De Bilt;G0310;10168;Utrecht;P26;33599;22168;47;98;22023;5547;3457;2353;3003;3047;1616;1042;815;1143;;;;;;;;;;;;;;;;;;;;;;;;;;;
De Fryske Marren;G1940;10022;Fryslân;P21;40650;23385;61;80;23244;871;2945;5531;1648;1971;2854;;1311;;;;;;;;;;;4649;;;;;;;;;;;1464;;;;;;
De Ronde Venen;G0736;11379;Utrecht;P26;34756;20951;58;72;20821;6520;3716;4241;2769;;;;;;;1204;;;2371;;;;;;;;;;;;;;;;;;;;;;
De Wolden;G1690;10262;Drenthe;P22;19221;12349;33;46;12270;4648;2281;1810;754;999;1045;;733;;;;;;;;;;;;;;;;;;;;;;;;;;;;
Delft;G0503;10928;Zuid-Holland;P28;81227;45562;194;290;45078;14588;4007;3737;6110;7162;3289;3503;2682;;;;;;;;;;;;;;;;;;;;;;;;;;;;
Delfzijl;G0010;10976;Groningen;P20;20190;9892;39;83;9770;4034;1160;744;331;613;799;;1448;;641;;;;;;;;;;;;;;;;;;;;;;;;;;
Den Helder;G0400;10285;Noord-Holland;P27;45258;22021;110;111;21800;9030;2687;2898;1622;1011;1374;;1470;;1708;;;;;;;;;;;;;;;;;;;;;;;;;;
Deurne;G0762;10379;Noord-Brabant;P30;25904;14635;37;80;14518;7789;2112;2452;;1441;724;;;;;;;;;;;;;;;;;;;;;;;;;;;;;;
Deventer;G0150;10899;Overijssel;P23;77903;44241;129;178;43934;14184;6139;2677;4314;5936;6831;;1827;;;;;2026;;;;;;;;;;;;;;;;;;;;;;;
Diemen;G0384;11039;Noord-Holland;P27;22116;11163;56;96;11011;3039;1591;696;1935;2391;1359;;;;;;;;;;;;;;;;;;;;;;;;;;;;;;
Dinkelland;G1774;10245;Overijssel;P23;20914;13653;43;34;13576;4675;1763;4981;879;657;621;;;;;;;;;;;;;;;;;;;;;;;;;;;;;;
Doesburg;G0221;10327;Gelderland;P25;9292;5186;15;21;5150;1386;673;609;618;;;834;;;;;;;1030;;;;;;;;;;;;;;;;;;;;;;
Doetinchem;G0222;10396;Gelderland;P25;45744;23305;61;91;23153;4580;2765;4722;2497;2000;2802;2660;;;;1127;;;;;;;;;;;;;;;;;;;;;;;;;
Dongen;G0766;11412;Noord-Brabant;P30;20701;10458;43;49;10366;4236;1561;1575;1413;;1581;;;;;;;;;;;;;;;;;;;;;;;;;;;;;;
Dordrecht;G0505;11157;Zuid-Holland;P28;94163;48066;190;172;47704;11425;5764;4830;4729;4582;2605;2919;;;3675;4301;;;;;;;;;;2874;;;;;;;;;;;;;;;
Drechterland;G0498;10642;Noord-Holland;P27;15360;8768;29;56;8683;2621;1796;2835;;;;;;;;;;;;;1431;;;;;;;;;;;;;;;;;;;;
Drimmelen;G1719;10258;Noord-Brabant;P30;22081;12302;29;56;12217;6540;2270;964;1696;;747;;;;;;;;;;;;;;;;;;;;;;;;;;;;;;
Dronten;G0303;10210;Flevoland;P24;31429;17578;64;110;17404;2120;3849;3567;1578;1530;963;1512;2109;;;;;;;;;;;;;;;;;;;;;176;;;;;;;
Druten;G0225;10068;Gelderland;P25;14858;8788;25;46;8717;7449;;487;;;;;;;;;;;;;;;;;;;;;;;;781;;;;;;;;;
Duiven;G0226;11028;Gelderland;P25;20223;10530;41;51;10438;3988;1558;1392;754;887;575;1284;;;;;;;;;;;;;;;;;;;;;;;;;;;;;
Echt-Susteren;G1711;10941;Limburg;P31;26400;15980;66;119;15795;9920;;4174;;1089;612;;;;;;;;;;;;;;;;;;;;;;;;;;;;;;
Ede;G0228;10743;Gelderland;P25;88440;54415;135;152;54128;13582;5233;7421;3656;5221;2316;;8073;8626;;;;;;;;;;;;;;;;;;;;;;;;;;;
Eemnes;G0317;10248;Utrecht;P26;7119;4840;13;21;4806;1926;811;1013;486;;570;;;;;;;;;;;;;;;;;;;;;;;;;;;;;;
Eersel;G0770;10741;Noord-Brabant;P30;15231;8357;29;44;8284;3713;1088;1558;783;;;;;;;;;;1142;;;;;;;;;;;;;;;;;;;;;;
Eijsden-Margraten;G1903;11243;Limburg;P31;20963;13454;34;65;13355;3933;1447;4924;763;1183;1105;;;;;;;;;;;;;;;;;;;;;;;;;;;;;;
Eindhoven;G0772;11298;Noord-Brabant;P30;181079;83982;338;650;82994;14569;12275;9514;9735;12044;10180;6609;1955;;;;;2864;;3249;;;;;;;;;;;;;;;;;;;;;
Elburg;G0230;11113;Gelderland;P25;17637;11832;29;47;11756;3394;1528;1482;398;;666;;2586;1702;;;;;;;;;;;;;;;;;;;;;;;;;;;
Emmen;G0114;11180;Drenthe;P22;86456;44892;102;110;44680;16133;3122;5041;1977;1798;7173;2545;2042;;3520;;;;;1329;;;;;;;;;;;;;;;;;;;;;
Enkhuizen;G0388;10729;Noord-Holland;P27;14793;7701;29;53;7619;1902;1024;930;852;;710;1749;;;;452;;;;;;;;;;;;;;;;;;;;;;;;;
Enschede;G0153;10364;Overijssel;P23;125125;63435;212;303;62920;13905;6771;6681;6896;6611;5630;4720;3953;;4234;;;2306;;;;;;;;;;1213;;;;;;;;;;;;;
Epe;G0232;10940;Gelderland;P25;26584;15839;45;67;15727;5146;2315;2801;1282;1237;1010;;;;;1936;;;;;;;;;;;;;;;;;;;;;;;;;
Ermelo;G0233;10732;Gelderland;P25;21403;13713;24;42;13647;2683;1504;3262;;;;;2199;1604;;;;;;;2395;;;;;;;;;;;;;;;;;;;;
Etten-Leur;G0777;10750;Noord-Brabant;P30;34393;16762;37;70;16655;7845;1862;3241;1335;1455;917;;;;;;;;;;;;;;;;;;;;;;;;;;;;;;
Geertruidenberg;G0779;10101;Noord-Brabant;P30;17219;8875;30;44;8801;4457;1174;1331;414;;;;;;;;;;1425;;;;;;;;;;;;;;;;;;;;;;
Geldrop-Mierlo;G1771;10529;Noord-Brabant;P30;31366;16246;55;132;16059;6334;2238;3285;1293;1869;1040;;;;;;;;;;;;;;;;;;;;;;;;;;;;;;
Gemert-Bakel;G1652;10277;Noord-Brabant;P30;24141;13209;35;67;13107;4568;812;5539;;;406;1782;;;;;;;;;;;;;;;;;;;;;;;;;;;;;
Gennep;G0907;10542;Limburg;P31;13784;7667;16;58;7593;;1478;2369;1236;;899;1611;;;;;;;;;;;;;;;;;;;;;;;;;;;;;
Gilze en Rijen;G0784;11375;Noord-Brabant;P30;20677;11292;50;100;11142;4833;1878;2104;1047;;1280;;;;;;;;;;;;;;;;;;;;;;;;;;;;;;
Goeree-Overflakkee;G1924;11067;Zuid-Holland;P28;39091;26575;70;64;26441;9105;2891;3565;;;2693;;2490;5581;;;;;;;;;;;;;;;;;;;;116;;;;;;;
Goes;G0664;10674;Zeeland;P29;30410;17704;61;53;17590;3233;2847;3579;1275;1493;1540;1106;;;;2517;;;;;;;;;;;;;;;;;;;;;;;;;
Goirle;G0785;10971;Noord-Brabant;P30;18687;10262;24;49;10189;4231;1474;1639;1060;;641;1144;;;;;;;;;;;;;;;;;;;;;;;;;;;;;
Gooise Meren;G1942;10281;Noord-Holland;P27;43566;27302;71;106;27125;7051;5580;2395;3630;2926;2499;;771;;;;;;;2273;;;;;;;;;;;;;;;;;;;;;
Gorinchem;G0512;10942;Zuid-Holland;P28;28552;14906;35;72;14799;5779;1555;1296;1038;918;1550;1167;;;;1430;;;;;;;;;;;;;;;;;;66;;;;;;;
Gouda;G0513;10302;Zuid-Holland;P28;56977;32440;104;116;32220;7129;3278;3165;3784;3065;3279;1545;3524;2048;;;1303;;;;;;;;;;;;;;;;;100;;;;;;;
Grave;G0786;10165;Noord-Brabant;P30;9838;5738;19;32;5687;3074;456;950;432;;;;;;;;;;;;;;;;;;;;;;;775;;;;;;;;;
Gulpen-Wittem;G1729;11032;Limburg;P31;12106;8149;40;58;8051;3360;;2210;;;;;;;;;;;2481;;;;;;;;;;;;;;;;;;;;;;
Haaksbergen;G0158;11435;Overijssel;P23;19382;11327;50;62;11215;4136;1875;2956;1180;;1068;;;;;;;;;;;;;;;;;;;;;;;;;;;;;;
Haaren;G0788;11155;Noord-Brabant;P30;11520;6138;29;54;6055;3847;697;1511;;;;;;;;;;;;;;;;;;;;;;;;;;;;;;;;;
Haarlem;G0392;10357;Noord-Holland;P27;125230;68287;285;315;67687;10995;8795;6848;8390;13474;9129;4261;1791;;;;;;;;;;;;;;;;4004;;;;;;;;;;;;
Halderberge;G1655;10397;Noord-Brabant;P30;24310;11984;43;81;11860;4775;3228;2480;;;;;;;;;;;;;1377;;;;;;;;;;;;;;;;;;;;
Hardenberg;G0160;10174;Overijssel;P23;46649;28211;53;85;28073;3863;3047;8702;1082;1379;2219;;5159;677;;;;;;1945;;;;;;;;;;;;;;;;;;;;;
Harderwijk;G0243;10786;Gelderland;P25;36028;21906;56;46;21804;6063;4070;2507;1903;1241;1470;;3721;829;;;;;;;;;;;;;;;;;;;;;;;;;;;
Hardinxveld-Giessendam;G0523;10167;Zuid-Holland;P28;13640;8970;19;40;8911;2532;;959;;;1015;;2048;2313;;;;;;;;;;;;;;;;;;;;44;;;;;;;
Harlingen;G0072;10909;Fryslân;P21;12556;7045;25;25;6995;1923;898;1068;443;507;1834;;322;;;;;;;;;;;;;;;;;;;;;;;;;;;;
Hattem;G0244;10673;Gelderland;P25;9439;6289;29;49;6211;;1025;1456;876;;1118;;1736;;;;;;;;;;;;;;;;;;;;;;;;;;;;
Heemskerk;G0396;10679;Noord-Holland;P27;31594;16118;82;122;15914;5784;2131;2542;1736;1936;1372;;413;;;;;;;;;;;;;;;;;;;;;;;;;;;;
Heemstede;G0397;11288;Noord-Holland;P27;21080;13836;38;40;13758;4139;3137;1310;2223;1912;1037;;;;;;;;;;;;;;;;;;;;;;;;;;;;;;
Heerde;G0246;10291;Gelderland;P25;14811;9021;33;43;8945;1390;1188;2025;;;1085;;;;;2156;;;;;;;;;1101;;;;;;;;;;;;;;;;
Heerenveen;G0074;10680;Fryslân;P21;39763;22078;52;83;21943;2970;3181;3025;1798;2129;4045;1375;1188;;;;;;;;;;;2232;;;;;;;;;;;;;;;;;
Heerhugowaard;G0398;10752;Noord-Holland;P27;42771;21613;82;101;21430;10189;3083;2645;1902;1625;1318;;668;;;;;;;;;;;;;;;;;;;;;;;;;;;;
Heerlen;G0917;10902;Limburg;P31;72144;32011;120;199;31692;12019;2285;3253;2193;1309;1199;7801;;;;;1633;;;;;;;;;;;;;;;;;;;;;;;;
Heeze-Leende;G1658;10462;Noord-Brabant;P30;12943;7662;27;57;7578;3693;1088;1647;581;;569;;;;;;;;;;;;;;;;;;;;;;;;;;;;;;
Heiloo;G0399;10793;Noord-Holland;P27;18571;11945;37;53;11855;4059;2176;1621;1798;;1319;;;;;;;;;;;;;;;;;;;;;;;;882;;;;;;
Hellendoorn;G0163;10806;Overijssel;P23;28244;17971;37;30;17904;5437;1925;4703;1459;1882;763;;1735;;;;;;;;;;;;;;;;;;;;;;;;;;;;
Hellevoetsluis;G0530;11078;Zuid-Holland;P28;32230;15497;58;75;15364;6767;3430;1925;618;1507;1117;;;;;;;;;;;;;;;;;;;;;;;;;;;;;;
Helmond;G0794;10932;Noord-Brabant;P30;70997;29883;126;157;29600;6955;3609;4201;2169;4225;1774;3777;625;;;;;;;2265;;;;;;;;;;;;;;;;;;;;;
Hendrik-Ido-Ambacht;G0531;10416;Zuid-Holland;P28;23080;13520;29;34;13457;4209;1552;1722;1289;;881;;;;;3804;;;;;;;;;;;;;;;;;;;;;;;;;
Hengelo;G0164;10907;Overijssel;P23;64060;36205;113;157;35935;11904;5190;3611;3120;1947;2181;4963;1180;;1839;;;;;;;;;;;;;;;;;;;;;;;;;;
Heumen;G0252;10600;Gelderland;P25;13177;8372;27;50;8295;2742;1429;1337;802;1301;684;;;;;;;;;;;;;;;;;;;;;;;;;;;;;;
Heusden;G0797;10307;Noord-Brabant;P30;34944;18497;61;111;18325;12124;2011;1490;1025;1067;608;;;;;;;;;;;;;;;;;;;;;;;;;;;;;;
Hillegom;G0534;11236;Zuid-Holland;P28;17511;9587;24;47;9516;4814;908;1804;853;755;382;;;;;;;;;;;;;;;;;;;;;;;;;;;;;;
Hilvarenbeek;G0798;11297;Noord-Brabant;P30;12353;7820;20;39;7761;5038;1366;1357;;;;;;;;;;;;;;;;;;;;;;;;;;;;;;;;;
Hilversum;G0402;11285;Noord-Holland;P27;69756;38924;164;207;38553;10371;6173;3697;7208;5008;1953;2335;1808;;;;;;;;;;;;;;;;;;;;;;;;;;;;
Hof van Twente;G1735;10076;Overijssel;P23;28103;17560;43;67;17450;2145;2988;5972;1593;883;2641;1228;;;;;;;;;;;;;;;;;;;;;;;;;;;;;
Hollands Kroon;G1911;10344;Noord-Holland;P27;37787;19137;54;104;18979;7642;3264;3158;1204;1211;1507;;993;;;;;;;;;;;;;;;;;;;;;;;;;;;;
Hoogeveen;G0118;10839;Drenthe;P22;43444;23038;86;102;22850;5709;2597;4861;1426;1132;1940;2055;2452;678;;;;;;;;;;;;;;;;;;;;;;;;;;;
Hoorn;G0405;11392;Noord-Holland;P27;57146;29647;133;157;29357;13619;3792;3039;2189;3221;2677;;820;;;;;;;;;;;;;;;;;;;;;;;;;;;;
Horst aan de Maas;G1507;11108;Limburg;P31;34179;19357;48;98;19211;3356;1375;7087;;;1968;2676;;;;;;;;;;;;;2749;;;;;;;;;;;;;;;;
Houten;G0321;10230;Utrecht;P26;37255;23436;52;58;23326;5028;3164;4157;2627;3691;1530;;1707;1422;;;;;;;;;;;;;;;;;;;;;;;;;;;
Huizen;G0406;11170;Noord-Holland;P27;32872;19618;42;52;19524;4440;4284;2395;2155;1894;1910;;1778;668;;;;;;;;;;;;;;;;;;;;;;;;;;;
Hulst;G0677;11408;Zeeland;P29;22748;12983;63;35;12885;6787;1169;1963;382;427;1405;752;;;;;;;;;;;;;;;;;;;;;;;;;;;;;
IJsselstein;G0353;10152;Utrecht;P26;26367;13880;41;77;13762;4024;3292;1713;1651;1499;732;;851;;;;;;;;;;;;;;;;;;;;;;;;;;;;
Kaag en Braassem;G1884;10349;Zuid-Holland;P28;21258;12185;61;101;12023;6410;1426;2383;1804;;;;;;;;;;;;;;;;;;;;;;;;;;;;;;;;
Kampen;G0166;10253;Overijssel;P23;40255;27470;73;61;27336;5845;2691;3782;1506;3101;1653;;5260;3498;;;;;;;;;;;;;;;;;;;;;;;;;;;
Kapelle;G0678;11223;Zeeland;P29;9786;6915;11;24;6880;1498;1708;928;448;;673;;522;1103;;;;;;;;;;;;;;;;;;;;;;;;;;;
Katwijk;G0537;10707;Zuid-Holland;P28;49661;30788;73;93;30622;10770;2648;5825;834;;2040;;4237;4055;;;;;;;;;;;;;;;;;;;;213;;;;;;;
Kerkrade;G0928;10313;Limburg;P31;38510;18244;91;91;18062;10586;1066;1380;450;520;2182;1878;;;;;;;;;;;;;;;;;;;;;;;;;;;;;
Koggenland;G1598;10354;Noord-Holland;P27;17775;10467;47;39;10381;3337;2832;2751;;;;;;;;;;;1461;;;;;;;;;;;;;;;;;;;;;;
Krimpen aan den IJssel;G0542;10859;Zuid-Holland;P28;22790;15212;43;36;15133;6486;1232;1114;589;572;803;;1068;3269;;;;;;;;;;;;;;;;;;;;;;;;;;;
Krimpenerwaard;G1931;10050;Zuid-Holland;P28;43774;27685;88;99;27498;10913;3807;3100;1664;;1938;;2406;3670;;;;;;;;;;;;;;;;;;;;;;;;;;;
Laarbeek;G1659;10173;Noord-Brabant;P30;17806;9877;33;85;9759;8093;;1098;;;568;;;;;;;;;;;;;;;;;;;;;;;;;;;;;;
Landerd;G1685;10276;Noord-Brabant;P30;12213;7488;18;43;7427;6018;488;921;;;;;;;;;;;;;;;;;;;;;;;;;;;;;;;;;
Landgraaf;G0882;11335;Limburg;P31;31348;16262;55;93;16114;9470;886;1684;459;749;1563;1303;;;;;;;;;;;;;;;;;;;;;;;;;;;;;
Landsmeer;G0415;11225;Noord-Holland;P27;8996;5870;14;24;5832;1769;1200;529;1082;801;451;;;;;;;;;;;;;;;;;;;;;;;;;;;;;;
Langedijk;G0416;10955;Noord-Holland;P27;21796;12584;32;58;12494;5110;2147;1156;1100;1441;689;;851;;;;;;;;;;;;;;;;;;;;;;;;;;;;
Lansingerland;G1621;10139;Zuid-Holland;P28;45119;27319;87;105;27127;9729;5086;4345;2367;1774;1394;;2432;;;;;;;;;;;;;;;;;;;;;;;;;;;;
Laren;G0417;10649;Noord-Holland;P27;8832;5933;16;17;5900;3546;1106;355;334;277;282;;;;;;;;;;;;;;;;;;;;;;;;;;;;;;
Leiden;G0546;10702;Zuid-Holland;P28;101010;57278;199;335;56744;3276;7914;5093;12451;10654;6245;4335;2388;;;;4388;;;;;;;;;;;;;;;;;;;;;;;;
Leiderdorp;G0547;10058;Zuid-Holland;P28;21493;12765;70;68;12627;2567;2409;1622;1998;1647;1730;;;;;654;;;;;;;;;;;;;;;;;;;;;;;;;
Leidschendam-Voorburg;G1916;11103;Zuid-Holland;P28;58603;33639;156;164;33319;7889;8606;5150;3942;3579;3084;;;;;1069;;;;;;;;;;;;;;;;;;;;;;;;;
Lelystad;G0995;11110;Flevoland;P24;59441;30441;177;88;30176;9776;4457;1847;1833;2157;2639;1665;2189;;2655;;;958;;;;;;;;;;;;;;;;;;;;;;;
Leudal;G1640;10840;Limburg;P31;29395;15327;70;198;15059;7412;1080;3136;2104;;1327;;;;;;;;;;;;;;;;;;;;;;;;;;;;;;
Leusden;G0327;10978;Utrecht;P26;23362;15353;62;73;15218;;3144;3489;2299;;;1714;;;;1915;;;2657;;;;;;;;;;;;;;;;;;;;;;
Lingewaard;G1705;10744;Gelderland;P25;36573;20201;74;110;20017;6508;4121;2162;1334;2083;980;2829;;;;;;;;;;;;;;;;;;;;;;;;;;;;;
Lisse;G0553;10197;Zuid-Holland;P28;18175;10494;33;61;10400;2280;1757;2305;2009;;854;;;;;1195;;;;;;;;;;;;;;;;;;;;;;;;;
Lochem;G0262;11263;Gelderland;P25;27202;17553;34;69;17450;5314;3045;2452;1838;2872;1929;;;;;;;;;;;;;;;;;;;;;;;;;;;;;;
Loon op Zand;G0809;11259;Noord-Brabant;P30;18687;9746;64;51;9631;5007;1382;1865;;;;;;;;;;;1377;;;;;;;;;;;;;;;;;;;;;;
Lopik;G0331;10333;Utrecht;P26;11156;6536;15;52;6469;;1969;1688;;;860;;1038;823;;;;;;;;;;;;;;;;;;;;91;;;;;;;
Loppersum;G0024;10934;Groningen;P20;7836;4736;14;24;4698;1166;417;846;193;642;854;;580;;;;;;;;;;;;;;;;;;;;;;;;;;;;
Losser;G0168;11166;Overijssel;P23;18115;10051;22;28;10001;3211;1702;3190;869;424;605;;;;;;;;;;;;;;;;;;;;;;;;;;;;;;
Maasdriel;G0263;10341;Gelderland;P25;19263;11065;32;43;10990;3869;1512;3336;610;;;;;371;;;;;1292;;;;;;;;;;;;;;;;;;;;;;
Maasgouw;G1641;10964;Limburg;P31;19977;10080;44;90;9946;5553;1135;2360;;;;;;;;;;;;898;;;;;;;;;;;;;;;;;;;;;
Maassluis;G0556;10880;Zuid-Holland;P28;26036;13808;42;85;13681;2367;2068;3007;793;796;1910;;1195;;;;;;;;;;;;;1545;;;;;;;;;;;;;;;
Maastricht;G0935;10182;Limburg;P31;101188;48926;286;255;48385;15447;3774;6333;5286;5822;3858;3668;;;2808;;;;;1389;;;;;;;;;;;;;;;;;;;;;
Medemblik;G0420;11215;Noord-Holland;P27;35059;19103;53;103;18947;6235;4084;3886;1389;1241;1348;;764;;;;;;;;;;;;;;;;;;;;;;;;;;;;
Meerssen;G0938;10494;Limburg;P31;15772;9521;81;95;9345;6206;;1595;;;;;;;;;;;;;1544;;;;;;;;;;;;;;;;;;;;
Meppel;G0119;11204;Drenthe;P22;26177;15799;41;60;15698;3755;3063;2669;1055;951;1266;1364;1575;;;;;;;;;;;;;;;;;;;;;;;;;;;;
Middelburg;G0687;10122;Zeeland;P29;38235;22540;71;69;22400;4183;2533;2650;1401;2565;2462;1972;2274;2360;;;;;;;;;;;;;;;;;;;;;;;;;;;
Midden-Delfland;G1842;10130;Zuid-Holland;P28;15027;9968;18;44;9906;3772;1850;2350;873;;476;;585;;;;;;;;;;;;;;;;;;;;;;;;;;;;
Midden-Drenthe;G1731;10520;Drenthe;P22;26734;15755;37;86;15632;4056;2502;2445;1579;1203;2547;;1300;;;;;;;;;;;;;;;;;;;;;;;;;;;;
Mill en Sint Hubert;G0815;10535;Noord-Brabant;P30;8781;5386;12;58;5316;2854;;2462;;;;;;;;;;;;;;;;;;;;;;;;;;;;;;;;;
Moerdijk;G1709;10046;Noord-Brabant;P30;29629;15003;51;81;14871;6271;2881;2105;658;;1178;949;829;;;;;;;;;;;;;;;;;;;;;;;;;;;;
Montferland;G1955;10350;Gelderland;P25;29136;15744;46;64;15634;5438;1922;4886;1346;;2042;;;;;;;;;;;;;;;;;;;;;;;;;;;;;;
Montfoort;G0335;10033;Utrecht;P26;10682;7039;28;37;6974;2010;1197;1065;484;;;;607;497;;;;;1114;;;;;;;;;;;;;;;;;;;;;;
Mook en Middelaar;G0944;10271;Limburg;P31;6392;4170;18;14;4138;1254;792;297;;756;1039;;;;;;;;;;;;;;;;;;;;;;;;;;;;;;
Neder-Betuwe;G1740;10916;Gelderland;P25;17555;11733;32;23;11678;1695;1168;1498;;;2021;;927;4369;;;;;;;;;;;;;;;;;;;;;;;;;;;
Nederweert;G0946;10681;Limburg;P31;13952;8314;25;42;8247;3665;664;3104;814;;;;;;;;;;;;;;;;;;;;;;;;;;;;;;;;
Nieuwegein;G0356;10374;Utrecht;P26;49890;24008;83;154;23771;3914;4602;1997;2098;2174;2398;2552;1613;;;;;;;;;;;;;2423;;;;;;;;;;;;;;;
Nieuwkoop;G0569;10728;Zuid-Holland;P28;22593;13134;32;50;13052;5955;2621;2890;851;;;;;;;735;;;;;;;;;;;;;;;;;;;;;;;;;
Nijkerk;G0267;10446;Gelderland;P25;32414;19651;45;83;19523;3005;3053;5439;;;;;;;;4458;;;;;3568;;;;;;;;;;;;;;;;;;;;
Nijmegen;G0268;11209;Gelderland;P25;143582;81938;264;334;81340;11205;8407;4094;12045;20149;5747;10865;1247;;;;3694;;;3001;;;;;;;;886;;;;;;;;;;;;;
Nissewaard;G1930;10735;Zuid-Holland;P28;68055;32517;120;137;32260;15875;2706;1966;1255;;4591;;;;4386;1285;;;;;;;;;;;;;196;;;;;;;;;;;;
Noord-Beveland;G1695;10250;Zeeland;P29;6091;3847;16;14;3817;1554;623;493;304;;342;;;501;;;;;;;;;;;;;;;;;;;;;;;;;;;
Noordenveld;G1699;10699;Drenthe;P22;25202;15366;51;51;15264;7701;1417;1160;785;1458;1819;;924;;;;;;;;;;;;;;;;;;;;;;;;;;;;
Noordoostpolder;G0171;10144;Flevoland;P24;35261;20488;48;67;20373;5057;2583;3589;1159;1275;1449;1644;;;;3491;;;;;;;;;;;;;;;;;;126;;;;;;;
Nuenen, Gerwen en Nederwetten;G0820;10761;Noord-Brabant;P30;18557;11416;56;169;11191;4531;1675;949;1111;1158;1114;653;;;;;;;;;;;;;;;;;;;;;;;;;;;;;
Nunspeet;G0302;10512;Gelderland;P25;20924;15242;25;33;15184;4600;749;1629;;;;;3061;4452;;;;;693;;;;;;;;;;;;;;;;;;;;;;
Oegstgeest;G0579;10287;Zuid-Holland;P28;18356;11932;37;82;11813;2100;3031;2251;1957;;;;;;;;;;2474;;;;;;;;;;;;;;;;;;;;;;
Oirschot;G0823;10225;Noord-Brabant;P30;14976;9033;28;44;8961;4725;1301;2165;770;;;;;;;;;;;;;;;;;;;;;;;;;;;;;;;;
Oisterwijk;G0824;10103;Noord-Brabant;P30;20791;11441;30;62;11349;5269;2332;1139;;;;;;;;;;;;;2609;;;;;;;;;;;;;;;;;;;;
Oldambt;G1895;10453;Groningen;P20;31183;15651;66;99;15486;5993;1997;1280;972;;2269;2008;967;;;;;;;;;;;;;;;;;;;;;;;;;;;;
Oldebroek;G0269;11106;Gelderland;P25;18096;10940;26;32;10882;1897;610;1459;347;;952;;3618;1999;;;;;;;;;;;;;;;;;;;;;;;;;;;
Oldenzaal;G0173;11100;Overijssel;P23;25008;14576;57;78;14441;4006;2943;3317;1016;1931;1228;;;;;;;;;;;;;;;;;;;;;;;;;;;;;;
Olst-Wijhe;G1773;10409;Overijssel;P23;14392;8519;25;23;8471;2099;1323;1975;849;1045;1180;;;;;;;;;;;;;;;;;;;;;;;;;;;;;;
Ommen;G0175;11069;Overijssel;P23;13965;9163;22;30;9111;3225;1089;2228;523;;488;;1558;;;;;;;;;;;;;;;;;;;;;;;;;;;;
Oost Gelre;G1586;11094;Gelderland;P25;23632;14067;61;54;13952;4223;2932;4685;912;;1200;;;;;;;;;;;;;;;;;;;;;;;;;;;;;;
Oosterhout;G0826;11280;Noord-Brabant;P30;44351;21774;111;180;21483;10092;3608;2250;1627;3046;860;;;;;;;;;;;;;;;;;;;;;;;;;;;;;;
Ooststellingwerf;G0085;10836;Fryslân;P21;20582;11180;17;61;11102;3958;1333;1531;642;1082;1708;;848;;;;;;;;;;;;;;;;;;;;;;;;;;;;
Oostzaan;G0431;11303;Noord-Holland;P27;7771;4562;36;49;4477;;1823;589;462;1159;444;;;;;;;;;;;;;;;;;;;;;;;;;;;;;;
Opmeer;G0432;10609;Noord-Holland;P27;9162;5443;11;18;5414;2367;792;1758;;;497;;;;;;;;;;;;;;;;;;;;;;;;;;;;;;
Opsterland;G0086;10005;Fryslân;P21;23441;13577;27;54;13496;4087;1330;2006;688;1538;1697;;1568;;;;;;;;;;;582;;;;;;;;;;;;;;;;;
Oss;G0828;10834;Noord-Brabant;P30;72814;37373;95;165;37113;13286;4120;3935;2353;1967;1443;10009;;;;;;;;;;;;;;;;;;;;;;;;;;;;;
Oude IJsselstreek;G1509;10260;Gelderland;P25;31804;18163;49;57;18057;6680;2020;3927;961;;2032;2437;;;;;;;;;;;;;;;;;;;;;;;;;;;;;
Ouder-Amstel;G0437;10998;Noord-Holland;P27;10379;6532;21;29;6482;1802;1138;1060;1018;924;540;;;;;;;;;;;;;;;;;;;;;;;;;;;;;;
Oudewater;G0589;10188;Utrecht;P26;7979;5268;17;40;5211;1073;;2056;;;;;;;;578;;;;;;;;;;;;;;;;;1504;;;;;;;;
Overbetuwe;G1734;11188;Gelderland;P25;36655;20319;60;71;20188;4489;2249;5562;2463;2468;1499;;943;515;;;;;;;;;;;;;;;;;;;;;;;;;;;
Papendrecht;G0590;10427;Zuid-Holland;P28;25582;13432;44;57;13331;5478;1402;1434;1048;844;851;;1391;883;;;;;;;;;;;;;;;;;;;;;;;;;;;
Peel en Maas;G1894;10205;Limburg;P31;35289;17994;64;142;17788;6466;3149;6114;;;;;;;;;;;2059;;;;;;;;;;;;;;;;;;;;;;
Pekela;G0765;10848;Groningen;P20;9911;4932;21;14;4897;818;313;506;;326;730;1356;229;;619;;;;;;;;;;;;;;;;;;;;;;;;;;
Pijnacker-Nootdorp;G1926;10031;Zuid-Holland;P28;39780;22774;52;108;22614;6129;4177;3285;2793;;;;;;;1041;1247;;2939;;;;;;;;;;1003;;;;;;;;;;;;
Purmerend;G0439;11066;Noord-Holland;P27;64279;31374;132;143;31099;8296;2974;3188;3214;3060;2601;2223;;;2211;;;;;;;;;;;;2646;;686;;;;;;;;;;;;
Putten;G0273;11109;Gelderland;P25;18977;12436;43;64;12329;5446;;2485;;;;;2510;1888;;;;;;;;;;;;;;;;;;;;;;;;;;;
Raalte;G0177;10279;Overijssel;P23;29652;18526;50;80;18396;9451;2256;3784;778;897;770;460;;;;;;;;;;;;;;;;;;;;;;;;;;;;;
Reimerswaal;G0703;10077;Zeeland;P29;16754;11609;32;19;11558;2030;1426;1053;;;1145;;1725;4179;;;;;;;;;;;;;;;;;;;;;;;;;;;
Renkum;G0274;11325;Gelderland;P25;25418;15797;54;55;15688;4734;2372;1695;2525;2958;1404;;;;;;;;;;;;;;;;;;;;;;;;;;;;;;
Renswoude;G0339;10269;Utrecht;P26;3814;2836;7;8;2821;340;591;319;;;;;1013;558;;;;;;;;;;;;;;;;;;;;;;;;;;;
Reusel-De Mierden;G1667;10162;Noord-Brabant;P30;10415;5315;26;44;5245;2696;890;997;;;662;;;;;;;;;;;;;;;;;;;;;;;;;;;;;;
Rheden;G0275;11355;Gelderland;P25;35493;19451;78;126;19247;1965;3544;2754;2443;2413;2608;2617;903;;;;;;;;;;;;;;;;;;;;;;;;;;;;
Rhenen;G0340;10309;Utrecht;P26;15301;9504;20;24;9460;1096;1627;813;975;1375;422;;1049;1926;;;;;;;;;;;;;;;177;;;;;;;;;;;;
Ridderkerk;G0597;10646;Zuid-Holland;P28;37250;20270;51;67;20152;8708;1273;1836;861;921;1961;;1766;2826;;;;;;;;;;;;;;;;;;;;;;;;;;;
Rijssen-Holten;G1742;10358;Overijssel;P23;28512;21436;62;35;21339;3279;2318;3524;877;533;1287;;3905;5616;;;;;;;;;;;;;;;;;;;;;;;;;;;
Rijswijk;G0603;11133;Zuid-Holland;P28;41625;21457;82;125;21250;9684;2476;1883;2307;3218;1338;;;;;;;;;;;;;;;;;;;;;;;;;;344;;;;
Roerdalen;G1669;10196;Limburg;P31;17294;9215;47;63;9105;5351;776;2110;;;868;;;;;;;;;;;;;;;;;;;;;;;;;;;;;;
Roermond;G0957;11313;Limburg;P31;46847;25557;78;113;25366;10754;2022;3891;1430;4793;618;1023;;;;;;835;;;;;;;;;;;;;;;;;;;;;;;
Roosendaal;G1674;10407;Noord-Brabant;P30;61947;28319;166;109;28044;12167;3740;3330;1607;2464;1629;2378;729;;;;;;;;;;;;;;;;;;;;;;;;;;;;
Rotterdam;G0599;10345;Zuid-Holland;P28;501234;234037;2099;1152;230786;54943;24641;10756;22920;22721;22275;11389;;;8149;6956;8091;16955;;7359;;;12389;;;;;;;;;;;707;;535;;;;;
Rozendaal;G0277;10684;Gelderland;P25;1225;1007;5;3;999;999;;;;;;;;;;;;;;;;;;;;;;;;;;;;;;;;;;;
Rucphen;G0840;11152;Noord-Brabant;P30;18774;9608;15;27;9566;3079;2214;1054;824;;449;;;;1946;;;;;;;;;;;;;;;;;;;;;;;;;;
Schagen;G0441;10511;Noord-Holland;P27;37462;20714;57;60;20597;6823;2605;6276;943;1221;1854;875;;;;;;;;;;;;;;;;;;;;;;;;;;;;;
Scherpenzeel;G0279;11146;Gelderland;P25;7367;5455;24;4;5427;2054;;732;;;;;768;1193;;;;;;;680;;;;;;;;;;;;;;;;;;;;
Schiedam;G0606;11260;Zuid-Holland;P28;61574;28266;175;150;27941;5823;4355;2045;2828;2456;1990;1390;;;;707;;3260;;;;;;;;;3087;;;;;;;;;;;;;;
Schiermonnikoog;G0088;10355;Fryslân;P21;801;661;4;9;648;648;;;;;;;;;;;;;;;;;;;;;;;;;;;;;;;;;;;
Schouwen-Duiveland;G1676;10843;Zeeland;P29;27624;18042;76;44;17922;3911;2209;2292;1194;2081;1162;1646;1198;2229;;;;;;;;;;;;;;;;;;;;;;;;;;;
's-Gravenhage;G0518;11434;Zuid-Holland;P28;409444;196497;1431;830;194236;57937;26990;12618;23973;20684;12567;5176;;;9036;6129;10201;;;4444;;;4481;;;;;;;;;;;;;;;;;;
's-Hertogenbosch;G0796;10054;Noord-Brabant;P30;124912;64102;210;289;63603;23241;7955;5629;7572;6101;4155;4831;;;2183;;;;;1936;;;;;;;;;;;;;;;;;;;;;
Simpelveld;G0965;10515;Limburg;P31;8794;5257;28;51;5178;3819;;1112;;;247;;;;;;;;;;;;;;;;;;;;;;;;;;;;;;
Sint Anthonis;G1702;11415;Noord-Brabant;P30;9332;5935;21;57;5857;2316;875;2666;;;;;;;;;;;;;;;;;;;;;;;;;;;;;;;;;
Sint-Michielsgestel;G0845;10496;Noord-Brabant;P30;22689;12838;34;49;12755;6787;995;2447;939;854;733;;;;;;;;;;;;;;;;;;;;;;;;;;;;;;
Sittard-Geleen;G1883;11230;Limburg;P31;76784;42256;162;207;41887;16598;1584;8310;2186;4127;1341;2757;;;3460;;;;;1524;;;;;;;;;;;;;;;;;;;;;
Sliedrecht;G0610;11331;Zuid-Holland;P28;19362;11601;33;42;11526;3514;1050;1759;513;;1182;;;;;3508;;;;;;;;;;;;;;;;;;;;;;;;;
Sluis;G1714;10895;Zeeland;P29;19652;10439;52;29;10358;4192;1737;1822;426;529;972;680;;;;;;;;;;;;;;;;;;;;;;;;;;;;;
Smallingerland;G0090;10405;Fryslân;P21;43914;26868;79;67;26722;7595;2079;3451;1766;1747;3050;1883;3528;674;;;;;;;;;;949;;;;;;;;;;;;;;;;;
Soest;G0342;11021;Utrecht;P26;36256;21904;48;106;21750;10229;3547;1658;1860;1677;1251;;;;;1459;;;;;;;;;;;;;;;;;;69;;;;;;;
Someren;G0847;10203;Noord-Brabant;P30;15581;9052;18;48;8986;4089;1622;2362;;;913;;;;;;;;;;;;;;;;;;;;;;;;;;;;;;
Son en Breugel;G0848;10549;Noord-Brabant;P30;13139;7810;27;40;7743;3893;1288;1273;504;;;;;;;;;;785;;;;;;;;;;;;;;;;;;;;;;
Stadskanaal;G0037;10610;Groningen;P20;26019;12348;40;58;12250;2011;931;2405;514;452;1464;1997;2476;;;;;;;;;;;;;;;;;;;;;;;;;;;;
Staphorst;G0180;11362;Overijssel;P23;12093;9651;20;14;9617;1173;;1900;;;679;;2897;2968;;;;;;;;;;;;;;;;;;;;;;;;;;;
Stede Broec;G0532;11337;Noord-Holland;P27;17093;9231;41;53;9137;4181;1188;2577;;;;;;;;;;;1191;;;;;;;;;;;;;;;;;;;;;;
Steenbergen;G0851;10731;Noord-Brabant;P30;20633;9793;46;54;9693;5067;1682;1218;1117;;609;;;;;;;;;;;;;;;;;;;;;;;;;;;;;;
Steenwijkerland;G1708;10546;Overijssel;P23;34723;20547;41;109;20397;6649;2728;3105;1104;1505;3361;;1945;;;;;;;;;;;;;;;;;;;;;;;;;;;;
Stein;G0971;11319;Limburg;P31;20981;12040;67;118;11855;9115;854;1394;;;492;;;;;;;;;;;;;;;;;;;;;;;;;;;;;;
Stichtse Vecht;G1904;10191;Utrecht;P26;50485;28967;88;122;28757;10909;4939;2885;;3847;2245;;;;1490;2005;;;;;;;;;;;;;;;;;;;;;437;;;;
Terneuzen;G0715;10704;Zeeland;P29;43789;23385;92;57;23236;5800;2019;4253;704;1114;2247;962;1266;1186;2770;;;;;915;;;;;;;;;;;;;;;;;;;;;
Terschelling;G0093;11210;Fryslân;P21;4077;2739;9;31;2699;780;692;348;;;879;;;;;;;;;;;;;;;;;;;;;;;;;;;;;;
Texel;G0448;10237;Noord-Holland;P27;11156;7504;19;63;7422;2920;1221;663;619;882;1117;;;;;;;;;;;;;;;;;;;;;;;;;;;;;;
Teylingen;G1525;10017;Zuid-Holland;P28;28700;16647;38;107;16502;3095;4434;3334;2258;1415;1147;;819;;;;;;;;;;;;;;;;;;;;;;;;;;;;
Tholen;G0716;10376;Zeeland;P29;19775;13020;28;17;12975;1313;1764;1251;;;;916;1630;3577;1413;;;;1111;;;;;;;;;;;;;;;;;;;;;;
Tiel;G0281;10027;Gelderland;P25;32616;15193;52;69;15072;5167;2700;1359;2135;1316;1749;;646;;;;;;;;;;;;;;;;;;;;;;;;;;;;
Tilburg;G0855;10792;Noord-Brabant;P30;172992;78487;287;368;77832;22272;9729;6512;13472;9753;3693;7194;;;;;;;;3182;;;;;;1091;;934;;;;;;;;;;;;;
Tubbergen;G0183;10694;Overijssel;P23;16474;10778;23;29;10726;597;2505;6574;;;1050;;;;;;;;;;;;;;;;;;;;;;;;;;;;;;
Twenterand;G1700;10643;Overijssel;P23;25944;16075;32;28;16015;7046;941;2869;329;;;;2092;1048;965;;;;725;;;;;;;;;;;;;;;;;;;;;;
Tynaarlo;G1730;10002;Drenthe;P22;26341;16695;41;64;16590;4685;2745;1978;1999;2606;1592;;985;;;;;;;;;;;;;;;;;;;;;;;;;;;;
Tytsjerksteradiel;G0737;11241;Fryslân;P21;24862;15019;48;61;14910;;2073;3439;1014;2235;1725;;1605;;;;;;;;;;;2819;;;;;;;;;;;;;;;;;
Uden;G0856;11141;Noord-Brabant;P30;33258;18396;53;102;18241;7762;2439;2871;745;1017;747;2660;;;;;;;;;;;;;;;;;;;;;;;;;;;;;
Uitgeest;G0450;11238;Noord-Holland;P27;10582;6877;23;28;6826;4137;746;701;726;;516;;;;;;;;;;;;;;;;;;;;;;;;;;;;;;
Uithoorn;G0451;11206;Noord-Holland;P27;22965;11617;61;76;11480;4656;2528;1141;;;854;;;;;;;;;;;;;;2301;;;;;;;;;;;;;;;;
Urk;G0184;10783;Flevoland;P24;13518;10405;25;29;10351;3344;;2102;;;;;2301;1767;837;;;;;;;;;;;;;;;;;;;;;;;;;;
Utrecht;G0344;10722;Utrecht;P26;269459;159046;595;629;157822;14076;20522;8428;32735;36231;9812;6419;6451;;5915;;8317;7662;;;;;;;;;;;;1254;;;;;;;;;;;
Utrechtse Heuvelrug;G1581;10777;Utrecht;P26;38922;24762;67;109;24586;3605;5535;3747;3782;;;;1069;2181;;;;;4667;;;;;;;;;;;;;;;;;;;;;;
Vaals;G0981;10007;Limburg;P31;8502;4200;37;51;4112;2534;;1088;;;490;;;;;;;;;;;;;;;;;;;;;;;;;;;;;;
Valkenburg aan de Geul;G0994;11077;Limburg;P31;13927;8600;35;75;8490;3978;1170;1801;324;;;;;;;;;;1217;;;;;;;;;;;;;;;;;;;;;;
Valkenswaard;G0858;11031;Noord-Brabant;P30;25332;13335;54;91;13190;7580;1097;2544;635;;1334;;;;;;;;;;;;;;;;;;;;;;;;;;;;;;
Veendam;G0047;11292;Groningen;P20;22134;11373;21;45;11307;4387;827;845;530;454;2103;1659;502;;;;;;;;;;;;;;;;;;;;;;;;;;;;
Veenendaal;G0345;11052;Utrecht;P26;48562;30958;112;77;30769;6915;4097;2722;1826;1160;809;1212;6629;4041;;;;1243;;;;;;;;;;;;;;;;115;;;;;;;
Veere;G0717;10369;Zeeland;P29;17609;12579;25;40;12514;2057;1951;2038;517;;;;;;;2986;;;2965;;;;;;;;;;;;;;;;;;;;;;
Veldhoven;G0861;10071;Noord-Brabant;P30;35859;18406;52;125;18229;8867;4321;1732;1639;;1670;;;;;;;;;;;;;;;;;;;;;;;;;;;;;;
Velsen;G0453;10620;Noord-Holland;P27;54341;28206;86;119;28001;10362;3498;2623;3818;2480;2282;1893;1045;;;;;;;;;;;;;;;;;;;;;;;;;;;;
Venlo;G0983;10477;Limburg;P31;81965;40207;155;174;39878;7137;5815;7017;1770;3259;4343;3862;;;3891;;;;;2784;;;;;;;;;;;;;;;;;;;;;
Venray;G0984;11222;Limburg;P31;34831;18506;83;100;18323;5593;1714;5439;2363;;789;2425;;;;;;;;;;;;;;;;;;;;;;;;;;;;;
Vlaardingen;G0622;10811;Zuid-Holland;P28;56517;28658;126;97;28435;10901;2603;2411;1967;2414;1853;3029;;;;1680;;;;;;;;;;;1577;;;;;;;;;;;;;;
Vlieland;G0096;10211;Fryslân;P21;975;614;3;13;598;598;;;;;;;;;;;;;;;;;;;;;;;;;;;;;;;;;;;
Vlissingen;G0718;10270;Zeeland;P29;36097;17569;55;72;17442;7156;1512;774;847;1400;1392;1142;622;1164;;;;;;1433;;;;;;;;;;;;;;;;;;;;;
Voerendaal;G0986;11341;Limburg;P31;10259;6455;31;49;6375;3856;543;862;484;;630;;;;;;;;;;;;;;;;;;;;;;;;;;;;;;
Voorschoten;G0626;10537;Zuid-Holland;P28;19822;12603;45;100;12458;1518;2991;2356;1618;2451;730;794;;;;;;;;;;;;;;;;;;;;;;;;;;;;;
Voorst;G0285;10912;Gelderland;P25;19395;11792;21;45;11726;5345;2225;1494;784;;;;;409;;;;;1469;;;;;;;;;;;;;;;;;;;;;;
Vught;G0865;11224;Noord-Brabant;P30;20744;12237;40;50;12147;3520;2353;868;1860;;;1077;;;;;;;2469;;;;;;;;;;;;;;;;;;;;;;
Waalre;G0866;10959;Noord-Brabant;P30;13437;8010;30;58;7922;3015;1251;1065;1147;881;563;;;;;;;;;;;;;;;;;;;;;;;;;;;;;;
Waalwijk;G0867;11359;Noord-Brabant;P30;38463;18109;79;76;17954;6050;3395;1770;1734;2315;622;;743;1325;;;;;;;;;;;;;;;;;;;;;;;;;;;
Waddinxveen;G0627;10081;Zuid-Holland;P28;21764;13330;24;59;13247;1851;2356;1987;1854;;;;;;;3447;;;1752;;;;;;;;;;;;;;;;;;;;;;
Wageningen;G0289;11010;Gelderland;P25;30201;19097;61;89;18947;4734;1760;1183;3328;4245;1463;945;1289;;;;;;;;;;;;;;;;;;;;;;;;;;;;
Wassenaar;G0629;10164;Zuid-Holland;P28;19766;11914;47;57;11810;4632;3240;1586;977;843;532;;;;;;;;;;;;;;;;;;;;;;;;;;;;;;
Waterland;G0852;10983;Noord-Holland;P27;13794;9434;44;64;9326;1563;1968;2088;1056;1593;1058;;;;;;;;;;;;;;;;;;;;;;;;;;;;;;
Weert;G0988;11081;Limburg;P31;40413;21818;88;153;21577;10789;3115;3825;1111;;896;1841;;;;;;;;;;;;;;;;;;;;;;;;;;;;;
Weesp;G0457;10773;Noord-Holland;P27;15165;9515;50;80;9385;3273;1232;1727;935;1453;765;;;;;;;;;;;;;;;;;;;;;;;;;;;;;;
West Maas en Waal;G0668;10042;Gelderland;P25;15351;9919;28;27;9864;5813;1601;753;;;;964;;;;;;;;;;;;;;;;;;;;733;;;;;;;;;
Westerveld;G1701;10186;Drenthe;P22;15810;9939;29;59;9851;3509;1802;1235;;;1088;;;;;;;;;;;;;;2217;;;;;;;;;;;;;;;;
Westervoort;G0293;11085;Gelderland;P25;12128;6214;32;67;6115;;955;2107;710;763;524;1056;;;;;;;;;;;;;;;;;;;;;;;;;;;;;
Westland;G1783;11418;Zuid-Holland;P28;85293;49495;136;119;49240;25924;4211;11356;2022;2076;1154;;;;;2497;;;;;;;;;;;;;;;;;;;;;;;;;
Weststellingwerf;G0098;11322;Fryslân;P21;20749;11428;46;96;11286;4735;2471;2180;620;1280;;;;;;;;;;;;;;;;;;;;;;;;;;;;;;;
Westvoorne;G0614;10009;Zuid-Holland;P28;12022;6933;28;27;6878;3718;1468;619;514;;559;;;;;;;;;;;;;;;;;;;;;;;;;;;;;;
Wierden;G0189;10676;Overijssel;P23;18890;12830;31;29;12770;4634;1221;3120;;;;;2162;;;;;;;;1633;;;;;;;;;;;;;;;;;;;;
Wijchen;G0296;10723;Gelderland;P25;32489;18564;56;73;18435;10426;2259;2606;1283;;1861;;;;;;;;;;;;;;;;;;;;;;;;;;;;;;
Wijdemeren;G1696;10534;Noord-Holland;P27;19004;11658;36;61;11561;4659;1762;2120;1239;;;;438;;;;;;1343;;;;;;;;;;;;;;;;;;;;;;
Wijk bij Duurstede;G0352;10760;Utrecht;P26;18654;11484;22;36;11426;3363;2161;1092;912;1829;434;1635;;;;;;;;;;;;;;;;;;;;;;;;;;;;;
Winterswijk;G0294;11119;Gelderland;P25;23084;13710;33;48;13629;3449;2546;3900;1049;1349;1336;;;;;;;;;;;;;;;;;;;;;;;;;;;;;;
Woensdrecht;G0873;10602;Noord-Brabant;P30;17836;8989;31;30;8928;4013;1230;1954;823;;908;;;;;;;;;;;;;;;;;;;;;;;;;;;;;;
Woerden;G0632;10974;Utrecht;P26;39822;25379;58;67;25254;7453;3413;5248;2281;;;907;;;;2578;;;3374;;;;;;;;;;;;;;;;;;;;;;
Wormerland;G0880;10648;Noord-Holland;P27;12895;7392;23;44;7325;2403;1366;776;390;1642;748;;;;;;;;;;;;;;;;;;;;;;;;;;;;;;
Woudenberg;G0351;11398;Utrecht;P26;9782;7119;22;13;7084;2381;535;1089;;;;;771;1574;;;;;734;;;;;;;;;;;;;;;;;;;;;;
Zaanstad;G0479;11044;Noord-Holland;P27;121486;62556;287;199;62070;18578;8152;3033;5031;4192;6137;4379;2012;;4492;;2663;3401;;;;;;;;;;;;;;;;;;;;;;;
Zaltbommel;G0297;10557;Gelderland;P25;21404;13196;28;33;13135;2525;1493;1770;591;;;715;1578;2527;;;;;1936;;;;;;;;;;;;;;;;;;;;;;
Zandvoort;G0473;10910;Noord-Holland;P27;14076;7998;48;40;7910;2434;1415;1022;1087;609;538;;;;773;;;;;;;;;;;;;;;;;;;;;;;;;;32
Zeewolde;G0050;10012;Flevoland;P24;16916;9809;28;30;9751;3675;1507;1071;1233;;;;1402;;;;;;863;;;;;;;;;;;;;;;;;;;;;;
Zeist;G0355;10324;Utrecht;P26;48929;28681;91;124;28466;6189;6110;2334;3341;5643;1415;1440;;;;1994;;;;;;;;;;;;;;;;;;;;;;;;;
Zoetermeer;G0637;10766;Zuid-Holland;P28;96946;49688;201;251;49236;14136;8002;4632;5593;5211;2952;2957;;;3086;2667;;;;;;;;;;;;;;;;;;;;;;;;;
Zoeterwoude;G0638;11074;Zuid-Holland;P28;6750;4179;20;25;4134;400;739;1291;;;;;;;;;;;;;1704;;;;;;;;;;;;;;;;;;;;
Zuidplas;G1892;10855;Zuid-Holland;P28;32648;18846;49;79;18718;2051;4245;3583;1423;;;1509;;;;3877;;;2030;;;;;;;;;;;;;;;;;;;;;;
Zundert;G0879;11192;Noord-Brabant;P30;17873;9159;24;38;9097;4700;1695;1757;945;;;;;;;;;;;;;;;;;;;;;;;;;;;;;;;;
Zutphen;G0301;10254;Gelderland;P25;37535;21282;68;122;21092;4768;2110;1489;2316;3712;2784;3082;831;;;;;;;;;;;;;;;;;;;;;;;;;;;;
Zwartewaterland;G1896;10746;Overijssel;P23;16691;11839;31;28;11780;2409;901;1792;;;1178;;3009;2491;;;;;;;;;;;;;;;;;;;;;;;;;;;
Zwijndrecht;G0642;10468;Zuid-Holland;P28;35389;16936;72;76;16788;5698;1902;1942;1372;1056;1283;816;;;;2719;;;;;;;;;;;;;;;;;;;;;;;;;
Zwolle;G0193;10093;Overijssel;P23;98082;60214;181;303;59730;8631;8181;6755;6277;9981;5862;3360;10683;;;;;;;;;;;;;;;;;;;;;;;;;;;;
